Run Title,Alternative,NPV,IRR,AVE_IRI
T6Run44 Project Analysis,Overlay,40924388.0,48.099998474121094,3.1500000953674316
T6Run44 Project Analysis,Reseal,-1324456.63,10.680000305175781,7.800000190734863
T6Run164 Project Analysis,Overlay,1132897152.0,488.6499938964844,3.450000047683716
T6Run164 Project Analysis,Reseal,662024192.0,97.9800033569336,8.0
T6Run284 Project Analysis,Overlay,747977600.0,256.8599853515625,3.740000009536743
T6Run284 Project Analysis,Reseal,103634544.0,92.16999816894531,12.020000457763672
T6Run404 Project Analysis,Overlay,214959616.0,100.01000213623047,4.679999828338623
T6Run404 Project Analysis,Reseal,13591526.0,38.83000183105469,12.989999771118164
